Name,_
String,Boolean
Camilla Avellar,
Daniel Iosca,
Francisco Granados,
Henri Viitanen,
Jarkko Salminen,
Jonatas Chagas,
Martin Schjoeler,
Nacho Lasheras,
Nicklas Renqvist,
Rebecca Green,
Sami Tikkanen,
Sari Latvala,
Stephan Demirdjian,
Vesa Vitie,
Victoria Tran,
_,
Agnes Liou,
Antti Sartanen,
Antti Summala,
Arto Mikkola,
Asko Puurula,
Cosmin Baltaretu,
Dennis Belfrage,
Diana Nedelcu,
Diego Ruiz Pomares,
Drussila Hollanda,
Erlend Christoffersen,
Ewan Thonger,
Hannu Halonen,
Jaana Heiska,
Jani Lintunen,
Janne Lindholm,
Jarkko Luoma,
Joakim Achrén,
Johannes Cole,
Jon Franzas,
Marcus Wagenfuhr,
Marika Appel,
Mika Seppä,
Miki Kuusi,
Mikko Hokkanen,
Mikko Kodisoja,
Mikko Lehtonen,
Niko Mäkelä,
Patrick Corander,
Petri Alanko,
Petri Kärkäs,
Petri Styrman,
Riku Rikala,
Sami Yliharju,
Sheila Njoki Ndungu,
Stefan Engblom,
Stefan Hauk,
Stuart McGaw,
Tibor Toth,
Timur Haussila,
Tomi Joki-Korpela,
Tommi Hakala,
Touko Tahkokallio,
Veli Vainio,
Visa Forsten,
Wayne Lu ZhongWei,
Zsolt Szász,
